model,dataset,mse,mae,r2,rmse,best_train_loss,time
ConvTran,Covid3Month,0.060982332982924006,0.24256645707169272,-29.62435738832215,0.24694601228390792,0.011197293869086675,0.9379880428314209
