model,dataset,mse,mae,r2,rmse,best_train_loss,time
ConvTran,Covid3Month,0.06088215019986419,0.2423597650190235,-29.574047188588732,0.24674308541449383,0.01119729360299451,0.9471404552459717
